X,Y,Z,Boring,napl
510,510,99.5,BH1,0
510,510,99.4,BH1,0
510,510,99.3,BH1,0
510,510,99.2,BH1,0
510,510,99.1,BH1,0
510,510,99,BH1,0
510,510,98.9,BH1,0
510,510,98.8,BH1,0
510,510,98.7,BH1,0
510,510,98.6,BH1,0
510,510,98.5,BH1,0
510,510,98.4,BH1,0
510,510,98.3,BH1,0
510,510,98.2,BH1,0
510,510,98.1,BH1,0
510,510,98,BH1,0
510,510,97.9,BH1,0
510,510,97.8,BH1,0
510,510,97.7,BH1,0
510,510,97.6,BH1,0
510,510,97.5,BH1,0
510,510,97.4,BH1,0
510,510,97.3,BH1,0
510,510,97.2,BH1,0
510,510,97.1,BH1,0
510,510,97,BH1,0
510,510,96.9,BH1,0
510,510,96.8,BH1,0
510,510,96.7,BH1,0
510,510,96.6,BH1,0
510,510,96.5,BH1,0
510,510,96.4,BH1,1
510,510,96.3,BH1,1
510,510,96.2,BH1,1
510,510,96.1,BH1,1
510,510,96,BH1,1
510,510,95.9,BH1,0
510,510,95.8,BH1,0
510,510,95.7,BH1,0
510,510,95.6,BH1,0
510,510,95.5,BH1,0
510,510,95.4,BH1,0
510,510,95.3,BH1,0
510,510,95.2,BH1,0
510,510,95.1,BH1,0
510,510,95,BH1,0
510,510,94.9,BH1,0
510,510,94.8,BH1,0
510,510,94.7,BH1,0
510,510,94.6,BH1,0
510,510,94.5,BH1,0
510,510,94.4,BH1,0
510,510,94.3,BH1,0
510,510,94.2,BH1,0
510,510,94.1,BH1,0
510,510,94,BH1,0
510,510,93.9,BH1,0
510,510,93.8,BH1,0
510,510,93.7,BH1,0
510,510,93.6,BH1,0
510,510,93.5,BH1,0
510,510,93.4,BH1,0
510,510,93.3,BH1,0
510,510,93.2,BH1,0
510,510,93.1,BH1,0
510,510,93,BH1,1
510,510,92.9,BH1,1
510,510,92.8,BH1,1
510,510,92.7,BH1,1
510,510,92.6,BH1,1
510,510,92.5,BH1,1
510,510,92.4,BH1,1
510,510,92.3,BH1,1
510,510,92.2,BH1,1
510,510,92.1,BH1,1
510,510,92,BH1,0
510,510,91.9,BH1,0
510,510,91.8,BH1,0
510,510,91.7,BH1,0
510,510,91.6,BH1,0
510,510,91.5,BH1,0
510,510,91.4,BH1,0
510,510,91.3,BH1,0
510,510,91.2,BH1,0
510,510,91.1,BH1,0
510,510,91,BH1,0
510,510,90.9,BH1,0
510,510,90.8,BH1,0
510,510,90.7,BH1,0
510,510,90.6,BH1,0
510,510,90.5,BH1,0
510,510,90.4,BH1,0
510,510,90.3,BH1,0
510,510,90.2,BH1,0
510,510,90.1,BH1,0
510,510,90,BH1,0
510,510,89.9,BH1,0
510,510,89.8,BH1,0
510,510,89.7,BH1,0
510,510,89.6,BH1,0
510,510,89.5,BH1,0
510,510,89.4,BH1,0
510,510,89.3,BH1,0
510,510,89.2,BH1,0
510,510,89.1,BH1,0
510,510,89,BH1,0
510,510,88.9,BH1,0
510,510,88.8,BH1,0
510,510,88.7,BH1,0
510,510,88.6,BH1,0
510,510,88.5,BH1,0
510,510,88.4,BH1,0
510,510,88.3,BH1,0
510,510,88.2,BH1,0
510,510,88.1,BH1,0
510,510,88,BH1,0
510,510,87.9,BH1,0
510,510,87.8,BH1,0
510,510,87.7,BH1,0
510,510,87.6,BH1,0
510,510,87.5,BH1,0
510,510,87.4,BH1,0
510,510,87.3,BH1,0
510,510,87.2,BH1,0
510,510,87.1,BH1,0
510,510,87,BH1,0
510,510,86.9,BH1,0
510,510,86.8,BH1,0
510,510,86.7,BH1,0
510,510,86.6,BH1,0
510,510,86.5,BH1,0
510,510,86.4,BH1,0
510,510,86.3,BH1,0
510,510,86.2,BH1,0
510,510,86.1,BH1,0
510,510,86,BH1,0
510,510,85.9,BH1,0
510,510,85.8,BH1,0
510,510,85.7,BH1,0
510,510,85.6,BH1,0
510,510,85.5,BH1,0
510,510,85.4,BH1,0
510,510,85.3,BH1,0
510,510,85.2,BH1,0
510,510,85.1,BH1,0
510,510,85,BH1,0
510,510,84.9,BH1,0
510,510,84.8,BH1,0
510,510,84.7,BH1,0
510,510,84.6,BH1,0
510,510,84.5,BH1,0
510,510,84.4,BH1,0
510,510,84.3,BH1,0
510,510,84.2,BH1,0
510,510,84.1,BH1,0
510,510,84,BH1,0
510,510,83.9,BH1,0
510,510,83.8,BH1,0
510,510,83.7,BH1,0
510,510,83.6,BH1,0
510,510,83.5,BH1,0
510,510,83.4,BH1,0
510,510,83.3,BH1,0
510,510,83.2,BH1,0
510,510,83.1,BH1,0
510,510,83,BH1,0
510,510,82.9,BH1,0
510,510,82.8,BH1,0
510,510,82.7,BH1,0
510,510,82.6,BH1,0
510,510,82.5,BH1,0
510,510,82.4,BH1,0
510,510,82.3,BH1,0
510,510,82.2,BH1,0
510,510,82.1,BH1,0
510,510,82,BH1,0
510,510,81.9,BH1,0
510,510,81.8,BH1,0
510,510,81.7,BH1,0
510,510,81.6,BH1,0
510,510,81.5,BH1,0
510,510,81.4,BH1,0
510,510,81.3,BH1,0
510,510,81.2,BH1,0
510,510,81.1,BH1,0
510,510,81,BH1,0
510,510,80.9,BH1,0
510,510,80.8,BH1,0
510,510,80.7,BH1,0
510,510,80.6,BH1,0
510,510,80.5,BH1,0
510,510,80.4,BH1,0
510,510,80.3,BH1,0
510,510,80.2,BH1,0
510,510,80.1,BH1,0
510,510,80,BH1,0
510,510,79.9,BH1,0
510,510,79.8,BH1,0
510,510,79.7,BH1,0
510,510,79.6,BH1,1
510,510,79.5,BH1,1
510,510,79.4,BH1,1
500,501,98.3,BH2,0
500,501,98.2,BH2,0
500,501,98.1,BH2,0
500,501,98,BH2,0
500,501,97.9,BH2,0
500,501,97.8,BH2,0
500,501,97.7,BH2,0
500,501,97.6,BH2,0
500,501,97.5,BH2,0
500,501,97.4,BH2,0
500,501,97.3,BH2,0
500,501,97.2,BH2,0
500,501,97.1,BH2,0
500,501,97,BH2,0
500,501,96.9,BH2,0
500,501,96.8,BH2,0
500,501,96.7,BH2,0
500,501,96.6,BH2,0
500,501,96.5,BH2,0
500,501,96.4,BH2,0
500,501,96.3,BH2,0
500,501,96.2,BH2,0
500,501,96.1,BH2,0
500,501,96,BH2,0
500,501,95.9,BH2,0
500,501,95.8,BH2,0
500,501,95.7,BH2,0
500,501,95.6,BH2,0
500,501,95.5,BH2,0
500,501,95.4,BH2,0
500,501,95.3,BH2,0
500,501,95.2,BH2,0
500,501,95.1,BH2,0
500,501,95,BH2,0
500,501,94.9,BH2,0
500,501,94.8,BH2,0
500,501,94.7,BH2,0
500,501,94.6,BH2,0
500,501,94.5,BH2,0
500,501,94.4,BH2,0
500,501,94.3,BH2,0
500,501,94.2,BH2,0
500,501,94.1,BH2,0
500,501,94,BH2,0
500,501,93.9,BH2,0
500,501,93.8,BH2,0
500,501,93.7,BH2,0
500,501,93.6,BH2,0
500,501,93.5,BH2,0
500,501,93.4,BH2,0
500,501,93.3,BH2,0
500,501,93.2,BH2,0
500,501,93.1,BH2,0
500,501,93,BH2,0
500,501,92.9,BH2,0
500,501,92.8,BH2,0
500,501,92.7,BH2,0
500,501,92.6,BH2,0
500,501,92.5,BH2,0
500,501,92.4,BH2,0
500,501,92.3,BH2,0
500,501,92.2,BH2,0
500,501,92.1,BH2,0
500,501,92,BH2,0
500,501,91.9,BH2,0
500,501,91.8,BH2,0
500,501,91.7,BH2,0
500,501,91.6,BH2,0
500,501,91.5,BH2,0
500,501,91.4,BH2,0
500,501,91.3,BH2,0
500,501,91.2,BH2,0
500,501,91.1,BH2,0
500,501,91,BH2,0
500,501,90.9,BH2,0
500,501,90.8,BH2,0
500,501,90.7,BH2,0
500,501,90.6,BH2,0
500,501,90.5,BH2,0
500,501,90.4,BH2,0
500,501,90.3,BH2,0
500,501,90.2,BH2,0
500,501,90.1,BH2,0
500,501,90,BH2,0
500,501,89.9,BH2,0
500,501,89.8,BH2,0
500,501,89.7,BH2,0
500,501,89.6,BH2,0
500,501,89.5,BH2,0
500,501,89.4,BH2,0
500,501,89.3,BH2,0
500,501,89.2,BH2,0
500,501,89.1,BH2,0
500,501,89,BH2,0
500,501,88.9,BH2,0
500,501,88.8,BH2,0
500,501,88.7,BH2,0
500,501,88.6,BH2,0
500,501,88.5,BH2,0
500,501,88.4,BH2,0
500,501,88.3,BH2,0
500,501,88.2,BH2,0
500,501,88.1,BH2,0
500,501,88,BH2,0
500,501,87.9,BH2,0
500,501,87.8,BH2,0
500,501,87.7,BH2,0
500,501,87.6,BH2,0
500,501,87.5,BH2,0
500,501,87.4,BH2,0
500,501,87.3,BH2,0
500,501,87.2,BH2,0
500,501,87.1,BH2,0
500,501,87,BH2,0
500,501,86.9,BH2,0
500,501,86.8,BH2,0
500,501,86.7,BH2,0
500,501,86.6,BH2,0
500,501,86.5,BH2,0
500,501,86.4,BH2,0
500,501,86.3,BH2,0
500,501,86.2,BH2,0
500,501,86.1,BH2,0
500,501,86,BH2,0
500,501,85.9,BH2,0
500,501,85.8,BH2,0
500,501,85.7,BH2,0
500,501,85.6,BH2,0
500,501,85.5,BH2,0
500,501,85.4,BH2,0
500,501,85.3,BH2,0
500,501,85.2,BH2,0
500,501,85.1,BH2,0
500,501,85,BH2,0
500,501,84.9,BH2,0
500,501,84.8,BH2,0
500,501,84.7,BH2,0
500,501,84.6,BH2,0
500,501,84.5,BH2,0
500,501,84.4,BH2,0
500,501,84.3,BH2,0
500,501,84.2,BH2,0
500,501,84.1,BH2,0
500,501,84,BH2,0
500,501,83.9,BH2,0
500,501,83.8,BH2,0
500,501,83.7,BH2,0
500,501,83.6,BH2,0
500,501,83.5,BH2,0
500,501,83.4,BH2,0
500,501,83.3,BH2,0
500,501,83.2,BH2,0
500,501,83.1,BH2,0
500,501,83,BH2,0
500,501,82.9,BH2,0
500,501,82.8,BH2,0
500,501,82.7,BH2,0
500,501,82.6,BH2,0
500,501,82.5,BH2,0
500,501,82.4,BH2,0
500,501,82.3,BH2,0
500,501,82.2,BH2,0
500,501,82.1,BH2,0
500,501,82,BH2,0
500,501,81.9,BH2,0
500,501,81.8,BH2,0
500,501,81.7,BH2,0
500,501,81.6,BH2,0
500,501,81.5,BH2,0
500,501,81.4,BH2,0
500,501,81.3,BH2,0
500,501,81.2,BH2,0
500,501,81.1,BH2,0
500,501,81,BH2,0
500,501,80.9,BH2,0
500,501,80.8,BH2,0
500,501,80.7,BH2,0
500,501,80.6,BH2,0
500,501,80.5,BH2,0
500,501,80.4,BH2,0
500,501,80.3,BH2,0
500,501,80.2,BH2,0
500,501,80.1,BH2,0
500,501,80,BH2,0
500,501,79.9,BH2,0
500,501,79.8,BH2,0
500,501,79.7,BH2,0
500,501,79.6,BH2,0
500,501,79.5,BH2,0
500,501,79.4,BH2,0
500,501,79.3,BH2,0
500,501,79.2,BH2,0
500,501,79.1,BH2,0
500,501,79,BH2,0
500,501,78.9,BH2,0
500,501,78.8,BH2,0
500,501,78.7,BH2,0
500,501,78.6,BH2,0
500,501,78.5,BH2,0
500,501,78.4,BH2,0
500,501,78.3,BH2,0
500,501,78.2,BH2,0
500,501,78.1,BH2,0
500,501,78,BH2,0
500,501,77.9,BH2,0
500,501,77.8,BH2,0
500,501,77.7,BH2,0
500,501,77.6,BH2,0
500,501,77.5,BH2,0
500,501,77.4,BH2,0
500,501,77.3,BH2,0
500,501,77.2,BH2,0
500,501,77.1,BH2,0
520,518,100,BH3,0
520,518,99.9,BH3,0
520,518,99.8,BH3,0
520,518,99.7,BH3,0
520,518,99.6,BH3,0
520,518,99.5,BH3,0
520,518,99.4,BH3,0
520,518,99.3,BH3,0
520,518,99.2,BH3,0
520,518,99.1,BH3,0
520,518,99,BH3,0
520,518,98.9,BH3,0
520,518,98.8,BH3,0
520,518,98.7,BH3,0
520,518,98.6,BH3,0
520,518,98.5,BH3,0
520,518,98.4,BH3,0
520,518,98.3,BH3,0
520,518,98.2,BH3,0
520,518,98.1,BH3,0
520,518,98,BH3,0
520,518,97.9,BH3,0
520,518,97.8,BH3,0
520,518,97.7,BH3,0
520,518,97.6,BH3,0
520,518,97.5,BH3,0
520,518,97.4,BH3,0
520,518,97.3,BH3,0
520,518,97.2,BH3,0
520,518,97.1,BH3,0
520,518,97,BH3,0
520,518,96.9,BH3,0
520,518,96.8,BH3,0
520,518,96.7,BH3,0
520,518,96.6,BH3,0
520,518,96.5,BH3,0
520,518,96.4,BH3,0
520,518,96.3,BH3,0
520,518,96.2,BH3,0
520,518,96.1,BH3,0
520,518,96,BH3,0
520,518,95.9,BH3,0
520,518,95.8,BH3,0
520,518,95.7,BH3,0
520,518,95.6,BH3,0
520,518,95.5,BH3,0
520,518,95.4,BH3,0
520,518,95.3,BH3,0
520,518,95.2,BH3,0
520,518,95.1,BH3,0
520,518,95,BH3,0
520,518,94.9,BH3,0
520,518,94.8,BH3,0
520,518,94.7,BH3,0
520,518,94.6,BH3,0
520,518,94.5,BH3,0
520,518,94.4,BH3,0
520,518,94.3,BH3,0
520,518,94.2,BH3,0
520,518,94.1,BH3,0
520,518,94,BH3,0
520,518,93.9,BH3,0
520,518,93.8,BH3,0
520,518,93.7,BH3,0
520,518,93.6,BH3,0
520,518,93.5,BH3,0
520,518,93.4,BH3,0
520,518,93.3,BH3,0
520,518,93.2,BH3,0
520,518,93.1,BH3,0
520,518,93,BH3,0
520,518,92.9,BH3,0
520,518,92.8,BH3,0
520,518,92.7,BH3,0
520,518,92.6,BH3,0
520,518,92.5,BH3,0
520,518,92.4,BH3,0
520,518,92.3,BH3,0
520,518,92.2,BH3,0
520,518,92.1,BH3,0
520,518,92,BH3,0
520,518,91.9,BH3,0
520,518,91.8,BH3,0
520,518,91.7,BH3,0
520,518,91.6,BH3,0
520,518,91.5,BH3,0
520,518,91.4,BH3,0
520,518,91.3,BH3,0
520,518,91.2,BH3,0
520,518,91.1,BH3,0
520,518,91,BH3,0
520,518,90.9,BH3,0
520,518,90.8,BH3,0
520,518,90.7,BH3,0
520,518,90.6,BH3,0
520,518,90.5,BH3,0
520,518,90.4,BH3,0
520,518,90.3,BH3,0
520,518,90.2,BH3,0
520,518,90.1,BH3,0
520,518,90,BH3,0
520,518,89.9,BH3,0
520,518,89.8,BH3,0
520,518,89.7,BH3,0
520,518,89.6,BH3,0
520,518,89.5,BH3,0
520,518,89.4,BH3,0
520,518,89.3,BH3,0
520,518,89.2,BH3,0
520,518,89.1,BH3,0
520,518,89,BH3,0
520,518,88.9,BH3,0
520,518,88.8,BH3,0
520,518,88.7,BH3,0
520,518,88.6,BH3,0
520,518,88.5,BH3,0
520,518,88.4,BH3,0
520,518,88.3,BH3,0
520,518,88.2,BH3,0
520,518,88.1,BH3,0
520,518,88,BH3,0
520,518,87.9,BH3,0
520,518,87.8,BH3,0
520,518,87.7,BH3,0
520,518,87.6,BH3,0
520,518,87.5,BH3,0
520,518,87.4,BH3,0
520,518,87.3,BH3,0
520,518,87.2,BH3,0
520,518,87.1,BH3,0
520,518,87,BH3,0
520,518,86.9,BH3,0
520,518,86.8,BH3,0
520,518,86.7,BH3,0
520,518,86.6,BH3,0
520,518,86.5,BH3,0
520,518,86.4,BH3,0
520,518,86.3,BH3,0
520,518,86.2,BH3,0
520,518,86.1,BH3,0
520,518,86,BH3,0
520,518,85.9,BH3,0
520,518,85.8,BH3,0
520,518,85.7,BH3,0
520,518,85.6,BH3,0
520,518,85.5,BH3,0
520,518,85.4,BH3,0
520,518,85.3,BH3,0
520,518,85.2,BH3,0
520,518,85.1,BH3,0
520,518,85,BH3,0
520,518,84.9,BH3,0
520,518,84.8,BH3,0
520,518,84.7,BH3,0
520,518,84.6,BH3,0
520,518,84.5,BH3,0
520,518,84.4,BH3,0
520,518,84.3,BH3,0
520,518,84.2,BH3,0
520,518,84.1,BH3,0
520,518,84,BH3,0
520,518,83.9,BH3,0
520,518,83.8,BH3,0
520,518,83.7,BH3,0
520,518,83.6,BH3,0
520,518,83.5,BH3,0
520,518,83.4,BH3,0
520,518,83.3,BH3,0
520,518,83.2,BH3,0
520,518,83.1,BH3,0
520,518,83,BH3,0
520,518,82.9,BH3,0
520,518,82.8,BH3,0
520,518,82.7,BH3,0
520,518,82.6,BH3,0
520,518,82.5,BH3,0
520,518,82.4,BH3,0
520,518,82.3,BH3,0
520,518,82.2,BH3,0
520,518,82.1,BH3,0
520,518,82,BH3,0
520,518,81.9,BH3,0
520,518,81.8,BH3,0
520,518,81.7,BH3,0
520,518,81.6,BH3,0
520,518,81.5,BH3,0
520,518,81.4,BH3,0
520,518,81.3,BH3,0
520,518,81.2,BH3,0
520,518,81.1,BH3,0
520,518,81,BH3,0
520,518,80.9,BH3,0
520,518,80.8,BH3,0
520,518,80.7,BH3,0
520,518,80.6,BH3,0
520,518,80.5,BH3,0
520,518,80.4,BH3,0
520,518,80.3,BH3,0
520,518,80.2,BH3,0
520,518,80.1,BH3,0
520,518,80,BH3,0
520,518,79.9,BH3,0
520,518,79.8,BH3,0
520,518,79.7,BH3,0
520,518,79.6,BH3,0
520,518,79.5,BH3,0
520,518,79.4,BH3,0
520,518,79.3,BH3,0
520,518,79.2,BH3,0
520,518,79.1,BH3,0
520,518,79,BH3,0
520,518,78.9,BH3,0
520,518,78.8,BH3,0
520,518,78.7,BH3,0
520,518,78.6,BH3,0
520,518,78.5,BH3,0
520,518,78.4,BH3,0
520,518,78.3,BH3,0
520,518,78.2,BH3,0
520,518,78.1,BH3,0
520,518,78,BH3,0
520,518,77.9,BH3,0
520,518,77.8,BH3,0
520,518,77.7,BH3,0
520,518,77.6,BH3,0
520,518,77.5,BH3,0
520,518,77.4,BH3,0
520,518,77.3,BH3,0
520,518,77.2,BH3,0
520,518,77.1,BH3,0
501,520,100,BH4,0
501,520,99.9,BH4,0
501,520,99.8,BH4,0
501,520,99.7,BH4,0
501,520,99.6,BH4,0
501,520,99.5,BH4,0
501,520,99.4,BH4,0
501,520,99.3,BH4,0
501,520,99.2,BH4,0
501,520,99.1,BH4,0
501,520,99,BH4,0
501,520,98.9,BH4,0
501,520,98.8,BH4,0
501,520,98.7,BH4,0
501,520,98.6,BH4,0
501,520,98.5,BH4,0
501,520,98.4,BH4,0
501,520,98.3,BH4,0
501,520,98.2,BH4,0
501,520,98.1,BH4,0
501,520,98,BH4,0
501,520,97.9,BH4,0
501,520,97.8,BH4,0
501,520,97.7,BH4,0
501,520,97.6,BH4,0
501,520,97.5,BH4,0
501,520,97.4,BH4,0
501,520,97.3,BH4,0
501,520,97.2,BH4,0
501,520,97.1,BH4,0
501,520,97,BH4,0
501,520,96.9,BH4,0
501,520,96.8,BH4,0
501,520,96.7,BH4,0
501,520,96.6,BH4,0
501,520,96.5,BH4,0
501,520,96.4,BH4,0
501,520,96.3,BH4,0
501,520,96.2,BH4,0
501,520,96.1,BH4,0
501,520,96,BH4,0
501,520,95.9,BH4,0
501,520,95.8,BH4,0
501,520,95.7,BH4,0
501,520,95.6,BH4,0
501,520,95.5,BH4,0
501,520,95.4,BH4,0
501,520,95.3,BH4,0
501,520,95.2,BH4,0
501,520,95.1,BH4,0
501,520,95,BH4,0
501,520,94.9,BH4,0
501,520,94.8,BH4,0
501,520,94.7,BH4,0
501,520,94.6,BH4,0
501,520,94.5,BH4,0
501,520,94.4,BH4,0
501,520,94.3,BH4,0
501,520,94.2,BH4,0
501,520,94.1,BH4,0
501,520,94,BH4,0
501,520,93.9,BH4,0
501,520,93.8,BH4,0
501,520,93.7,BH4,0
501,520,93.6,BH4,0
501,520,93.5,BH4,0
501,520,93.4,BH4,0
501,520,93.3,BH4,0
501,520,93.2,BH4,0
501,520,93.1,BH4,0
501,520,93,BH4,0
501,520,92.9,BH4,0
501,520,92.8,BH4,0
501,520,92.7,BH4,0
501,520,92.6,BH4,0
501,520,92.5,BH4,0
501,520,92.4,BH4,0
501,520,92.3,BH4,0
501,520,92.2,BH4,0
501,520,92.1,BH4,0
501,520,92,BH4,0
501,520,91.9,BH4,0
501,520,91.8,BH4,0
501,520,91.7,BH4,0
501,520,91.6,BH4,0
501,520,91.5,BH4,0
501,520,91.4,BH4,0
501,520,91.3,BH4,0
501,520,91.2,BH4,0
501,520,91.1,BH4,0
501,520,91,BH4,0
501,520,90.9,BH4,0
501,520,90.8,BH4,0
501,520,90.7,BH4,0
501,520,90.6,BH4,0
501,520,90.5,BH4,0
501,520,90.4,BH4,0
501,520,90.3,BH4,0
501,520,90.2,BH4,0
501,520,90.1,BH4,0
501,520,90,BH4,0
501,520,89.9,BH4,0
501,520,89.8,BH4,0
501,520,89.7,BH4,0
501,520,89.6,BH4,0
501,520,89.5,BH4,0
501,520,89.4,BH4,0
501,520,89.3,BH4,0
501,520,89.2,BH4,0
501,520,89.1,BH4,0
501,520,89,BH4,0
501,520,88.9,BH4,0
501,520,88.8,BH4,0
501,520,88.7,BH4,0
501,520,88.6,BH4,0
501,520,88.5,BH4,0
501,520,88.4,BH4,0
501,520,88.3,BH4,0
501,520,88.2,BH4,0
501,520,88.1,BH4,0
501,520,88,BH4,0
501,520,87.9,BH4,0
501,520,87.8,BH4,0
501,520,87.7,BH4,0
501,520,87.6,BH4,0
501,520,87.5,BH4,0
501,520,87.4,BH4,0
501,520,87.3,BH4,0
501,520,87.2,BH4,0
501,520,87.1,BH4,0
501,520,87,BH4,0
501,520,86.9,BH4,0
501,520,86.8,BH4,0
501,520,86.7,BH4,0
501,520,86.6,BH4,0
501,520,86.5,BH4,0
501,520,86.4,BH4,0
501,520,86.3,BH4,0
501,520,86.2,BH4,0
501,520,86.1,BH4,0
501,520,86,BH4,0
501,520,85.9,BH4,0
501,520,85.8,BH4,0
501,520,85.7,BH4,0
501,520,85.6,BH4,0
501,520,85.5,BH4,0
501,520,85.4,BH4,0
501,520,85.3,BH4,0
501,520,85.2,BH4,0
501,520,85.1,BH4,0
501,520,85,BH4,0
501,520,84.9,BH4,0
501,520,84.8,BH4,0
501,520,84.7,BH4,0
501,520,84.6,BH4,0
501,520,84.5,BH4,0
501,520,84.4,BH4,0
501,520,84.3,BH4,0
501,520,84.2,BH4,0
501,520,84.1,BH4,0
501,520,84,BH4,0
501,520,83.9,BH4,0
501,520,83.8,BH4,0
501,520,83.7,BH4,0
501,520,83.6,BH4,0
501,520,83.5,BH4,0
501,520,83.4,BH4,0
501,520,83.3,BH4,0
501,520,83.2,BH4,0
501,520,83.1,BH4,0
501,520,83,BH4,0
501,520,82.9,BH4,0
501,520,82.8,BH4,0
501,520,82.7,BH4,0
501,520,82.6,BH4,0
501,520,82.5,BH4,0
501,520,82.4,BH4,0
501,520,82.3,BH4,0
501,520,82.2,BH4,0
501,520,82.1,BH4,0
501,520,82,BH4,0
501,520,81.9,BH4,0
501,520,81.8,BH4,0
501,520,81.7,BH4,0
501,520,81.6,BH4,0
501,520,81.5,BH4,0
501,520,81.4,BH4,0
501,520,81.3,BH4,0
501,520,81.2,BH4,0
501,520,81.1,BH4,0
501,520,81,BH4,0
501,520,80.9,BH4,0
501,520,80.8,BH4,0
501,520,80.7,BH4,0
501,520,80.6,BH4,0
501,520,80.5,BH4,0
501,520,80.4,BH4,0
501,520,80.3,BH4,0
501,520,80.2,BH4,0
501,520,80.1,BH4,0
501,520,80,BH4,0
501,520,79.9,BH4,0
501,520,79.8,BH4,0
501,520,79.7,BH4,0
501,520,79.6,BH4,0
501,520,79.5,BH4,0
501,520,79.4,BH4,0
501,520,79.3,BH4,0
501,520,79.2,BH4,0
501,520,79.1,BH4,0
501,520,79,BH4,0
501,520,78.9,BH4,0
501,520,78.8,BH4,0
501,520,78.7,BH4,0
501,520,78.6,BH4,0
501,520,78.5,BH4,0
501,520,78.4,BH4,0
501,520,78.3,BH4,0
501,520,78.2,BH4,0
501,520,78.1,BH4,0
501,520,78,BH4,0
501,520,77.9,BH4,0
501,520,77.8,BH4,0
501,520,77.7,BH4,0
501,520,77.6,BH4,0
501,520,77.5,BH4,0
501,520,77.4,BH4,0
519,502,99.7,BH5,0
519,502,99.6,BH5,0
519,502,99.5,BH5,0
519,502,99.4,BH5,0
519,502,99.3,BH5,0
519,502,99.2,BH5,0
519,502,99.1,BH5,0
519,502,99,BH5,0
519,502,98.9,BH5,0
519,502,98.8,BH5,0
519,502,98.7,BH5,0
519,502,98.6,BH5,0
519,502,98.5,BH5,0
519,502,98.4,BH5,0
519,502,98.3,BH5,0
519,502,98.2,BH5,0
519,502,98.1,BH5,0
519,502,98,BH5,0
519,502,97.9,BH5,0
519,502,97.8,BH5,0
519,502,97.7,BH5,0
519,502,97.6,BH5,0
519,502,97.5,BH5,0
519,502,97.4,BH5,0
519,502,97.3,BH5,0
519,502,97.2,BH5,0
519,502,97.1,BH5,0
519,502,97,BH5,0
519,502,96.9,BH5,0
519,502,96.8,BH5,0
519,502,96.7,BH5,0
519,502,96.6,BH5,0
519,502,96.5,BH5,0
519,502,96.4,BH5,0
519,502,96.3,BH5,0
519,502,96.2,BH5,0
519,502,96.1,BH5,0
519,502,96,BH5,0
519,502,95.9,BH5,0
519,502,95.8,BH5,0
519,502,95.7,BH5,0
519,502,95.6,BH5,0
519,502,95.5,BH5,0
519,502,95.4,BH5,0
519,502,95.3,BH5,0
519,502,95.2,BH5,0
519,502,95.1,BH5,0
519,502,95,BH5,0
519,502,94.9,BH5,0
519,502,94.8,BH5,0
519,502,94.7,BH5,0
519,502,94.6,BH5,0
519,502,94.5,BH5,0
519,502,94.4,BH5,0
519,502,94.3,BH5,0
519,502,94.2,BH5,0
519,502,94.1,BH5,0
519,502,94,BH5,0
519,502,93.9,BH5,0
519,502,93.8,BH5,0
519,502,93.7,BH5,0
519,502,93.6,BH5,0
519,502,93.5,BH5,0
519,502,93.4,BH5,0
519,502,93.3,BH5,0
519,502,93.2,BH5,0
519,502,93.1,BH5,0
519,502,93,BH5,0
519,502,92.9,BH5,0
519,502,92.8,BH5,0
519,502,92.7,BH5,0
519,502,92.6,BH5,0
519,502,92.5,BH5,0
519,502,92.4,BH5,0
519,502,92.3,BH5,0
519,502,92.2,BH5,0
519,502,92.1,BH5,0
519,502,92,BH5,0
519,502,91.9,BH5,0
519,502,91.8,BH5,0
519,502,91.7,BH5,0
519,502,91.6,BH5,0
519,502,91.5,BH5,0
519,502,91.4,BH5,0
519,502,91.3,BH5,0
519,502,91.2,BH5,0
519,502,91.1,BH5,0
519,502,91,BH5,0
519,502,90.9,BH5,0
519,502,90.8,BH5,0
519,502,90.7,BH5,0
519,502,90.6,BH5,0
519,502,90.5,BH5,0
519,502,90.4,BH5,0
519,502,90.3,BH5,0
519,502,90.2,BH5,0
519,502,90.1,BH5,0
519,502,90,BH5,0
519,502,89.9,BH5,0
519,502,89.8,BH5,0
519,502,89.7,BH5,0
519,502,89.6,BH5,0
519,502,89.5,BH5,0
519,502,89.4,BH5,0
519,502,89.3,BH5,0
519,502,89.2,BH5,0
519,502,89.1,BH5,0
519,502,89,BH5,0
519,502,88.9,BH5,0
519,502,88.8,BH5,0
519,502,88.7,BH5,0
519,502,88.6,BH5,0
519,502,88.5,BH5,0
519,502,88.4,BH5,0
519,502,88.3,BH5,0
519,502,88.2,BH5,0
519,502,88.1,BH5,0
519,502,88,BH5,0
519,502,87.9,BH5,0
519,502,87.8,BH5,0
519,502,87.7,BH5,0
519,502,87.6,BH5,0
519,502,87.5,BH5,0
519,502,87.4,BH5,0
519,502,87.3,BH5,0
519,502,87.2,BH5,0
519,502,87.1,BH5,0
519,502,87,BH5,0
519,502,86.9,BH5,0
519,502,86.8,BH5,0
519,502,86.7,BH5,0
519,502,86.6,BH5,0
519,502,86.5,BH5,0
519,502,86.4,BH5,0
519,502,86.3,BH5,0
519,502,86.2,BH5,0
519,502,86.1,BH5,0
519,502,86,BH5,0
519,502,85.9,BH5,0
519,502,85.8,BH5,0
519,502,85.7,BH5,0
519,502,85.6,BH5,0
519,502,85.5,BH5,0
519,502,85.4,BH5,0
519,502,85.3,BH5,0
519,502,85.2,BH5,0
519,502,85.1,BH5,0
519,502,85,BH5,0
519,502,84.9,BH5,0
519,502,84.8,BH5,0
519,502,84.7,BH5,0
519,502,84.6,BH5,0
519,502,84.5,BH5,0
519,502,84.4,BH5,0
519,502,84.3,BH5,0
519,502,84.2,BH5,0
519,502,84.1,BH5,0
519,502,84,BH5,0
519,502,83.9,BH5,0
519,502,83.8,BH5,0
519,502,83.7,BH5,0
519,502,83.6,BH5,0
519,502,83.5,BH5,0
519,502,83.4,BH5,0
519,502,83.3,BH5,0
519,502,83.2,BH5,0
519,502,83.1,BH5,0
519,502,83,BH5,0
519,502,82.9,BH5,0
519,502,82.8,BH5,0
519,502,82.7,BH5,0
519,502,82.6,BH5,0
519,502,82.5,BH5,0
519,502,82.4,BH5,0
519,502,82.3,BH5,0
519,502,82.2,BH5,0
519,502,82.1,BH5,0
519,502,82,BH5,0
519,502,81.9,BH5,0
519,502,81.8,BH5,0
519,502,81.7,BH5,0
519,502,81.6,BH5,0
519,502,81.5,BH5,0
519,502,81.4,BH5,0
519,502,81.3,BH5,0
519,502,81.2,BH5,0
519,502,81.1,BH5,0
519,502,81,BH5,0
519,502,80.9,BH5,0
519,502,80.8,BH5,0
519,502,80.7,BH5,0
519,502,80.6,BH5,0
519,502,80.5,BH5,0
519,502,80.4,BH5,0
519,502,80.3,BH5,0
519,502,80.2,BH5,0
519,502,80.1,BH5,0
519,502,80,BH5,0
519,502,79.9,BH5,0
519,502,79.8,BH5,0
519,502,79.7,BH5,0
519,502,79.6,BH5,0
519,502,79.5,BH5,0
519,502,79.4,BH5,0
519,502,79.3,BH5,0
519,502,79.2,BH5,0
519,502,79.1,BH5,0
519,502,79,BH5,0
519,502,78.9,BH5,0
519,502,78.8,BH5,0
519,502,78.7,BH5,0
519,502,78.6,BH5,0
519,502,78.5,BH5,0
519,502,78.4,BH5,0
519,502,78.3,BH5,0
519,502,78.2,BH5,0
519,502,78.1,BH5,0
519,502,78,BH5,0
519,502,77.9,BH5,0
519,502,77.8,BH5,0
519,502,77.7,BH5,0
519,502,77.6,BH5,0
519,502,77.5,BH5,0
519,502,77.4,BH5,0
519,502,77.3,BH5,0
519,502,77.2,BH5,0
519,502,77.1,BH5,0
504,508,100,BH6,0
504,508,99.9,BH6,0
504,508,99.8,BH6,0
504,508,99.7,BH6,0
504,508,99.6,BH6,0
504,508,99.5,BH6,0
504,508,99.4,BH6,0
504,508,99.3,BH6,0
504,508,99.2,BH6,0
504,508,99.1,BH6,0
504,508,99,BH6,0
504,508,98.9,BH6,0
504,508,98.8,BH6,0
504,508,98.7,BH6,0
504,508,98.6,BH6,0
504,508,98.5,BH6,0
504,508,98.4,BH6,0
504,508,98.3,BH6,0
504,508,98.2,BH6,0
504,508,98.1,BH6,0
504,508,98,BH6,0
504,508,97.9,BH6,0
504,508,97.8,BH6,0
504,508,97.7,BH6,0
504,508,97.6,BH6,0
504,508,97.5,BH6,0
504,508,97.4,BH6,0
504,508,97.3,BH6,0
504,508,97.2,BH6,0
504,508,97.1,BH6,0
504,508,97,BH6,0
504,508,96.9,BH6,0
504,508,96.8,BH6,0
504,508,96.7,BH6,0
504,508,96.6,BH6,0
504,508,96.5,BH6,0
504,508,96.4,BH6,0
504,508,96.3,BH6,0
504,508,96.2,BH6,1
504,508,96.1,BH6,1
504,508,96,BH6,1
504,508,95.9,BH6,1
504,508,95.8,BH6,1
504,508,95.7,BH6,1
504,508,95.6,BH6,1
504,508,95.5,BH6,1
504,508,95.4,BH6,1
504,508,95.3,BH6,1
504,508,95.2,BH6,0
504,508,95.1,BH6,0
504,508,95,BH6,0
504,508,94.9,BH6,0
504,508,94.8,BH6,0
504,508,94.7,BH6,0
504,508,94.6,BH6,0
504,508,94.5,BH6,0
504,508,94.4,BH6,0
504,508,94.3,BH6,0
504,508,94.2,BH6,0
504,508,94.1,BH6,0
504,508,94,BH6,0
504,508,93.9,BH6,0
504,508,93.8,BH6,0
504,508,93.7,BH6,0
504,508,93.6,BH6,0
504,508,93.5,BH6,0
504,508,93.4,BH6,0
504,508,93.3,BH6,0
504,508,93.2,BH6,0
504,508,93.1,BH6,0
504,508,93,BH6,0
504,508,92.9,BH6,0
504,508,92.8,BH6,0
504,508,92.7,BH6,0
504,508,92.6,BH6,0
504,508,92.5,BH6,0
504,508,92.4,BH6,0
504,508,92.3,BH6,0
504,508,92.2,BH6,0
504,508,92.1,BH6,0
504,508,92,BH6,0
504,508,91.9,BH6,0
504,508,91.8,BH6,0
504,508,91.7,BH6,0
504,508,91.6,BH6,0
504,508,91.5,BH6,0
504,508,91.4,BH6,0
504,508,91.3,BH6,0
504,508,91.2,BH6,0
504,508,91.1,BH6,0
504,508,91,BH6,0
504,508,90.9,BH6,0
504,508,90.8,BH6,0
504,508,90.7,BH6,0
504,508,90.6,BH6,0
504,508,90.5,BH6,0
504,508,90.4,BH6,0
504,508,90.3,BH6,0
504,508,90.2,BH6,0
504,508,90.1,BH6,0
504,508,90,BH6,0
504,508,89.9,BH6,0
504,508,89.8,BH6,0
504,508,89.7,BH6,0
504,508,89.6,BH6,0
504,508,89.5,BH6,0
504,508,89.4,BH6,0
504,508,89.3,BH6,0
504,508,89.2,BH6,0
504,508,89.1,BH6,0
504,508,89,BH6,0
504,508,88.9,BH6,0
504,508,88.8,BH6,0
504,508,88.7,BH6,0
504,508,88.6,BH6,0
504,508,88.5,BH6,0
504,508,88.4,BH6,0
504,508,88.3,BH6,0
504,508,88.2,BH6,0
504,508,88.1,BH6,0
504,508,88,BH6,0
504,508,87.9,BH6,0
504,508,87.8,BH6,0
504,508,87.7,BH6,0
504,508,87.6,BH6,0
504,508,87.5,BH6,0
504,508,87.4,BH6,0
504,508,87.3,BH6,0
504,508,87.2,BH6,0
504,508,87.1,BH6,0
504,508,87,BH6,0
504,508,86.9,BH6,0
504,508,86.8,BH6,0
504,508,86.7,BH6,0
504,508,86.6,BH6,0
504,508,86.5,BH6,0
504,508,86.4,BH6,0
504,508,86.3,BH6,0
504,508,86.2,BH6,0
504,508,86.1,BH6,0
504,508,86,BH6,0
504,508,85.9,BH6,0
504,508,85.8,BH6,0
504,508,85.7,BH6,0
504,508,85.6,BH6,0
504,508,85.5,BH6,0
504,508,85.4,BH6,0
504,508,85.3,BH6,0
504,508,85.2,BH6,0
504,508,85.1,BH6,0
504,508,85,BH6,0
504,508,84.9,BH6,0
504,508,84.8,BH6,0
504,508,84.7,BH6,0
504,508,84.6,BH6,0
504,508,84.5,BH6,0
504,508,84.4,BH6,0
504,508,84.3,BH6,0
504,508,84.2,BH6,0
504,508,84.1,BH6,0
504,508,84,BH6,0
504,508,83.9,BH6,0
504,508,83.8,BH6,0
504,508,83.7,BH6,0
504,508,83.6,BH6,0
504,508,83.5,BH6,0
504,508,83.4,BH6,0
504,508,83.3,BH6,0
504,508,83.2,BH6,0
504,508,83.1,BH6,0
504,508,83,BH6,0
504,508,82.9,BH6,0
504,508,82.8,BH6,0
504,508,82.7,BH6,0
504,508,82.6,BH6,0
504,508,82.5,BH6,0
504,508,82.4,BH6,0
504,508,82.3,BH6,0
504,508,82.2,BH6,1
504,508,82.1,BH6,1
504,508,82,BH6,1
504,508,81.9,BH6,1
504,508,81.8,BH6,1
504,508,81.7,BH6,1
504,508,81.6,BH6,1
504,508,81.5,BH6,1
504,508,81.4,BH6,1
504,508,81.3,BH6,1
504,508,81.2,BH6,1
504,508,81.1,BH6,1
504,508,81,BH6,0
504,508,80.9,BH6,0
504,508,80.8,BH6,0
504,508,80.7,BH6,0
504,508,80.6,BH6,0
504,508,80.5,BH6,0
504,508,80.4,BH6,0
504,508,80.3,BH6,0
504,508,80.2,BH6,0
504,508,80.1,BH6,0
504,508,80,BH6,0
504,508,79.9,BH6,0
504,508,79.8,BH6,0
504,508,79.7,BH6,0
504,508,79.6,BH6,0
504,508,79.5,BH6,0
504,508,79.4,BH6,0
504,508,79.3,BH6,0
504,508,79.2,BH6,0
504,508,79.1,BH6,0
504,508,79,BH6,0
504,508,78.9,BH6,0
504,508,78.8,BH6,0
504,508,78.7,BH6,0
504,508,78.6,BH6,0
504,508,78.5,BH6,0
504,508,78.4,BH6,0
504,508,78.3,BH6,0
504,508,78.2,BH6,0
504,508,78.1,BH6,0
504,508,78,BH6,0
504,508,77.9,BH6,0
504,508,77.8,BH6,0
504,508,77.7,BH6,0
504,508,77.6,BH6,0
504,508,77.5,BH6,0
504,508,77.4,BH6,0
504,508,77.3,BH6,0
504,508,77.2,BH6,0
504,508,77.1,BH6,0
511,504,100,BH7,0
511,504,99.9,BH7,0
511,504,99.8,BH7,0
511,504,99.7,BH7,0
511,504,99.6,BH7,0
511,504,99.5,BH7,0
511,504,99.4,BH7,0
511,504,99.3,BH7,0
511,504,99.2,BH7,0
511,504,99.1,BH7,0
511,504,99,BH7,0
511,504,98.9,BH7,0
511,504,98.8,BH7,0
511,504,98.7,BH7,0
511,504,98.6,BH7,0
511,504,98.5,BH7,0
511,504,98.4,BH7,0
511,504,98.3,BH7,1
511,504,98.2,BH7,1
511,504,98.1,BH7,1
511,504,98,BH7,1
511,504,97.9,BH7,0
511,504,97.8,BH7,0
511,504,97.7,BH7,0
511,504,97.6,BH7,0
511,504,97.5,BH7,1
511,504,97.4,BH7,1
511,504,97.3,BH7,0
511,504,97.2,BH7,0
511,504,97.1,BH7,0
511,504,97,BH7,0
511,504,96.9,BH7,0
511,504,96.8,BH7,0
511,504,96.7,BH7,0
511,504,96.6,BH7,0
511,504,96.5,BH7,0
511,504,96.4,BH7,0
511,504,96.3,BH7,0
511,504,96.2,BH7,0
511,504,96.1,BH7,0
511,504,96,BH7,0
511,504,95.9,BH7,0
511,504,95.8,BH7,0
511,504,95.7,BH7,0
511,504,95.6,BH7,0
511,504,95.5,BH7,0
511,504,95.4,BH7,0
511,504,95.3,BH7,0
511,504,95.2,BH7,0
511,504,95.1,BH7,0
511,504,95,BH7,0
511,504,94.9,BH7,0
511,504,94.8,BH7,0
511,504,94.7,BH7,0
511,504,94.6,BH7,0
511,504,94.5,BH7,0
511,504,94.4,BH7,0
511,504,94.3,BH7,0
511,504,94.2,BH7,0
511,504,94.1,BH7,0
511,504,94,BH7,0
511,504,93.9,BH7,0
511,504,93.8,BH7,0
511,504,93.7,BH7,0
511,504,93.6,BH7,0
511,504,93.5,BH7,0
511,504,93.4,BH7,0
511,504,93.3,BH7,0
511,504,93.2,BH7,0
511,504,93.1,BH7,0
511,504,93,BH7,0
511,504,92.9,BH7,0
511,504,92.8,BH7,0
511,504,92.7,BH7,0
511,504,92.6,BH7,0
511,504,92.5,BH7,0
511,504,92.4,BH7,0
511,504,92.3,BH7,0
511,504,92.2,BH7,0
511,504,92.1,BH7,0
511,504,92,BH7,0
511,504,91.9,BH7,0
511,504,91.8,BH7,0
511,504,91.7,BH7,0
511,504,91.6,BH7,0
511,504,91.5,BH7,0
511,504,91.4,BH7,0
511,504,91.3,BH7,0
511,504,91.2,BH7,0
511,504,91.1,BH7,0
511,504,91,BH7,0
511,504,90.9,BH7,0
511,504,90.8,BH7,0
511,504,90.7,BH7,0
511,504,90.6,BH7,0
511,504,90.5,BH7,0
511,504,90.4,BH7,0
511,504,90.3,BH7,0
511,504,90.2,BH7,1
511,504,90.1,BH7,1
511,504,90,BH7,1
511,504,89.9,BH7,1
511,504,89.8,BH7,1
511,504,89.7,BH7,0
511,504,89.6,BH7,0
511,504,89.5,BH7,0
511,504,89.4,BH7,0
511,504,89.3,BH7,0
511,504,89.2,BH7,0
511,504,89.1,BH7,0
511,504,89,BH7,0
511,504,88.9,BH7,0
511,504,88.8,BH7,0
511,504,88.7,BH7,0
511,504,88.6,BH7,0
511,504,88.5,BH7,0
511,504,88.4,BH7,0
511,504,88.3,BH7,0
511,504,88.2,BH7,0
511,504,88.1,BH7,0
511,504,88,BH7,0
511,504,87.9,BH7,0
511,504,87.8,BH7,0
511,504,87.7,BH7,0
511,504,87.6,BH7,0
511,504,87.5,BH7,0
511,504,87.4,BH7,0
511,504,87.3,BH7,0
511,504,87.2,BH7,0
511,504,87.1,BH7,0
511,504,87,BH7,0
511,504,86.9,BH7,0
511,504,86.8,BH7,0
511,504,86.7,BH7,0
511,504,86.6,BH7,0
511,504,86.5,BH7,0
511,504,86.4,BH7,0
511,504,86.3,BH7,0
511,504,86.2,BH7,0
511,504,86.1,BH7,0
511,504,86,BH7,0
511,504,85.9,BH7,0
511,504,85.8,BH7,0
511,504,85.7,BH7,0
511,504,85.6,BH7,0
511,504,85.5,BH7,0
511,504,85.4,BH7,0
511,504,85.3,BH7,0
511,504,85.2,BH7,0
511,504,85.1,BH7,0
511,504,85,BH7,0
511,504,84.9,BH7,0
511,504,84.8,BH7,0
511,504,84.7,BH7,0
511,504,84.6,BH7,0
511,504,84.5,BH7,0
511,504,84.4,BH7,0
511,504,84.3,BH7,1
511,504,84.2,BH7,1
511,504,84.1,BH7,1
511,504,84,BH7,1
511,504,83.9,BH7,1
511,504,83.8,BH7,0
511,504,83.7,BH7,0
511,504,83.6,BH7,0
511,504,83.5,BH7,0
511,504,83.4,BH7,0
511,504,83.3,BH7,0
511,504,83.2,BH7,0
511,504,83.1,BH7,0
511,504,83,BH7,0
511,504,82.9,BH7,0
511,504,82.8,BH7,0
511,504,82.7,BH7,0
511,504,82.6,BH7,0
511,504,82.5,BH7,0
511,504,82.4,BH7,0
511,504,82.3,BH7,0
511,504,82.2,BH7,0
511,504,82.1,BH7,0
511,504,82,BH7,0
511,504,81.9,BH7,0
511,504,81.8,BH7,0
511,504,81.7,BH7,0
511,504,81.6,BH7,0
511,504,81.5,BH7,0
511,504,81.4,BH7,0
511,504,81.3,BH7,0
511,504,81.2,BH7,0
511,504,81.1,BH7,0
511,504,81,BH7,0
511,504,80.9,BH7,0
511,504,80.8,BH7,0
511,504,80.7,BH7,0
511,504,80.6,BH7,0
511,504,80.5,BH7,0
511,504,80.4,BH7,0
511,504,80.3,BH7,0
511,504,80.2,BH7,0
511,504,80.1,BH7,0
511,504,80,BH7,0
511,504,79.9,BH7,0
511,504,79.8,BH7,0
511,504,79.7,BH7,0
511,504,79.6,BH7,0
511,504,79.5,BH7,0
511,504,79.4,BH7,0
511,504,79.3,BH7,0
511,504,79.2,BH7,0
511,504,79.1,BH7,0
511,504,79,BH7,0
511,504,78.9,BH7,0
511,504,78.8,BH7,0
511,504,78.7,BH7,0
511,504,78.6,BH7,0
511,504,78.5,BH7,0
511,504,78.4,BH7,0
511,504,78.3,BH7,0
511,504,78.2,BH7,0
511,504,78.1,BH7,0
511,504,78,BH7,0
511,504,77.9,BH7,0
511,504,77.8,BH7,0
511,504,77.7,BH7,0
511,504,77.6,BH7,0
511,504,77.5,BH7,0
511,504,77.4,BH7,0
511,504,77.3,BH7,0
511,504,77.2,BH7,0
511,504,77.1,BH7,0
515,512,100,BH8,0
515,512,99.9,BH8,0
515,512,99.8,BH8,0
515,512,99.7,BH8,0
515,512,99.6,BH8,0
515,512,99.5,BH8,0
515,512,99.4,BH8,0
515,512,99.3,BH8,0
515,512,99.2,BH8,0
515,512,99.1,BH8,0
515,512,99,BH8,0
515,512,98.9,BH8,0
515,512,98.8,BH8,0
515,512,98.7,BH8,0
515,512,98.6,BH8,0
515,512,98.5,BH8,0
515,512,98.4,BH8,0
515,512,98.3,BH8,1
515,512,98.2,BH8,1
515,512,98.1,BH8,1
515,512,98,BH8,1
515,512,97.9,BH8,0
515,512,97.8,BH8,0
515,512,97.7,BH8,0
515,512,97.6,BH8,0
515,512,97.5,BH8,1
515,512,97.4,BH8,1
515,512,97.3,BH8,0
515,512,97.2,BH8,0
515,512,97.1,BH8,0
515,512,97,BH8,0
515,512,96.9,BH8,0
515,512,96.8,BH8,0
515,512,96.7,BH8,0
515,512,96.6,BH8,0
515,512,96.5,BH8,0
515,512,96.4,BH8,0
515,512,96.3,BH8,0
515,512,96.2,BH8,0
515,512,96.1,BH8,0
515,512,96,BH8,0
515,512,95.9,BH8,0
515,512,95.8,BH8,0
515,512,95.7,BH8,0
515,512,95.6,BH8,0
515,512,95.5,BH8,0
515,512,95.4,BH8,0
515,512,95.3,BH8,0
515,512,95.2,BH8,0
515,512,95.1,BH8,0
515,512,95,BH8,0
515,512,94.9,BH8,0
515,512,94.8,BH8,0
515,512,94.7,BH8,0
515,512,94.6,BH8,1
515,512,94.5,BH8,1
515,512,94.4,BH8,1
515,512,94.3,BH8,1
515,512,94.2,BH8,1
515,512,94.1,BH8,1
515,512,94,BH8,0
515,512,93.9,BH8,0
515,512,93.8,BH8,0
515,512,93.7,BH8,0
515,512,93.6,BH8,0
515,512,93.5,BH8,0
515,512,93.4,BH8,0
515,512,93.3,BH8,0
515,512,93.2,BH8,0
515,512,93.1,BH8,0
515,512,93,BH8,0
515,512,92.9,BH8,0
515,512,92.8,BH8,0
515,512,92.7,BH8,0
515,512,92.6,BH8,0
515,512,92.5,BH8,0
515,512,92.4,BH8,0
515,512,92.3,BH8,0
515,512,92.2,BH8,0
515,512,92.1,BH8,0
515,512,92,BH8,0
515,512,91.9,BH8,0
515,512,91.8,BH8,0
515,512,91.7,BH8,0
515,512,91.6,BH8,0
515,512,91.5,BH8,0
515,512,91.4,BH8,0
515,512,91.3,BH8,0
515,512,91.2,BH8,0
515,512,91.1,BH8,0
515,512,91,BH8,0
515,512,90.9,BH8,0
515,512,90.8,BH8,0
515,512,90.7,BH8,0
515,512,90.6,BH8,0
515,512,90.5,BH8,0
515,512,90.4,BH8,0
515,512,90.3,BH8,0
515,512,90.2,BH8,1
515,512,90.1,BH8,1
515,512,90,BH8,1
515,512,89.9,BH8,1
515,512,89.8,BH8,1
515,512,89.7,BH8,0
515,512,89.6,BH8,0
515,512,89.5,BH8,0
515,512,89.4,BH8,0
515,512,89.3,BH8,0
515,512,89.2,BH8,0
515,512,89.1,BH8,0
515,512,89,BH8,0
515,512,88.9,BH8,0
515,512,88.8,BH8,0
515,512,88.7,BH8,0
515,512,88.6,BH8,0
515,512,88.5,BH8,0
515,512,88.4,BH8,0
515,512,88.3,BH8,0
515,512,88.2,BH8,0
515,512,88.1,BH8,0
515,512,88,BH8,0
515,512,87.9,BH8,0
515,512,87.8,BH8,0
515,512,87.7,BH8,0
515,512,87.6,BH8,0
515,512,87.5,BH8,0
515,512,87.4,BH8,0
515,512,87.3,BH8,0
515,512,87.2,BH8,0
515,512,87.1,BH8,0
515,512,87,BH8,0
515,512,86.9,BH8,0
515,512,86.8,BH8,1
515,512,86.7,BH8,1
515,512,86.6,BH8,1
515,512,86.5,BH8,1
515,512,86.4,BH8,0
515,512,86.3,BH8,0
515,512,86.2,BH8,0
515,512,86.1,BH8,0
515,512,86,BH8,0
515,512,85.9,BH8,0
515,512,85.8,BH8,0
515,512,85.7,BH8,0
515,512,85.6,BH8,0
515,512,85.5,BH8,0
515,512,85.4,BH8,0
515,512,85.3,BH8,0
515,512,85.2,BH8,0
515,512,85.1,BH8,0
515,512,85,BH8,0
515,512,84.9,BH8,0
515,512,84.8,BH8,0
515,512,84.7,BH8,0
515,512,84.6,BH8,0
515,512,84.5,BH8,0
515,512,84.4,BH8,0
515,512,84.3,BH8,0
515,512,84.2,BH8,0
515,512,84.1,BH8,0
515,512,84,BH8,0
515,512,83.9,BH8,0
515,512,83.8,BH8,0
515,512,83.7,BH8,0
515,512,83.6,BH8,0
515,512,83.5,BH8,0
515,512,83.4,BH8,0
515,512,83.3,BH8,0
515,512,83.2,BH8,0
515,512,83.1,BH8,0
515,512,83,BH8,0
515,512,82.9,BH8,0
515,512,82.8,BH8,0
515,512,82.7,BH8,0
515,512,82.6,BH8,0
515,512,82.5,BH8,0
515,512,82.4,BH8,0
515,512,82.3,BH8,0
515,512,82.2,BH8,0
515,512,82.1,BH8,0
515,512,82,BH8,0
515,512,81.9,BH8,0
515,512,81.8,BH8,0
515,512,81.7,BH8,0
515,512,81.6,BH8,0
515,512,81.5,BH8,0
515,512,81.4,BH8,0
515,512,81.3,BH8,0
515,512,81.2,BH8,0
515,512,81.1,BH8,0
515,512,81,BH8,0
515,512,80.9,BH8,0
515,512,80.8,BH8,0
515,512,80.7,BH8,0
515,512,80.6,BH8,0
515,512,80.5,BH8,0
515,512,80.4,BH8,0
515,512,80.3,BH8,0
515,512,80.2,BH8,0
515,512,80.1,BH8,0
515,512,80,BH8,0
515,512,79.9,BH8,0
515,512,79.8,BH8,0
515,512,79.7,BH8,0
515,512,79.6,BH8,0
515,512,79.5,BH8,0
515,512,79.4,BH8,0
515,512,79.3,BH8,0
515,512,79.2,BH8,0
515,512,79.1,BH8,0
515,512,79,BH8,0
507,517,99.6,BH9,0
507,517,99.5,BH9,0
507,517,99.4,BH9,0
507,517,99.3,BH9,0
507,517,99.2,BH9,0
507,517,99.1,BH9,0
507,517,99,BH9,0
507,517,98.9,BH9,0
507,517,98.8,BH9,0
507,517,98.7,BH9,0
507,517,98.6,BH9,0
507,517,98.5,BH9,0
507,517,98.4,BH9,0
507,517,98.3,BH9,0
507,517,98.2,BH9,0
507,517,98.1,BH9,0
507,517,98,BH9,0
507,517,97.9,BH9,0
507,517,97.8,BH9,0
507,517,97.7,BH9,0
507,517,97.6,BH9,0
507,517,97.5,BH9,0
507,517,97.4,BH9,0
507,517,97.3,BH9,0
507,517,97.2,BH9,0
507,517,97.1,BH9,0
507,517,97,BH9,0
507,517,96.9,BH9,0
507,517,96.8,BH9,0
507,517,96.7,BH9,0
507,517,96.6,BH9,0
507,517,96.5,BH9,0
507,517,96.4,BH9,0
507,517,96.3,BH9,0
507,517,96.2,BH9,0
507,517,96.1,BH9,0
507,517,96,BH9,0
507,517,95.9,BH9,0
507,517,95.8,BH9,0
507,517,95.7,BH9,0
507,517,95.6,BH9,0
507,517,95.5,BH9,0
507,517,95.4,BH9,0
507,517,95.3,BH9,0
507,517,95.2,BH9,0
507,517,95.1,BH9,0
507,517,95,BH9,0
507,517,94.9,BH9,0
507,517,94.8,BH9,0
507,517,94.7,BH9,0
507,517,94.6,BH9,0
507,517,94.5,BH9,0
507,517,94.4,BH9,0
507,517,94.3,BH9,0
507,517,94.2,BH9,0
507,517,94.1,BH9,0
507,517,94,BH9,0
507,517,93.9,BH9,0
507,517,93.8,BH9,0
507,517,93.7,BH9,0
507,517,93.6,BH9,0
507,517,93.5,BH9,0
507,517,93.4,BH9,0
507,517,93.3,BH9,0
507,517,93.2,BH9,0
507,517,93.1,BH9,0
507,517,93,BH9,0
507,517,92.9,BH9,0
507,517,92.8,BH9,0
507,517,92.7,BH9,0
507,517,92.6,BH9,0
507,517,92.5,BH9,0
507,517,92.4,BH9,0
507,517,92.3,BH9,0
507,517,92.2,BH9,0
507,517,92.1,BH9,0
507,517,92,BH9,0
507,517,91.9,BH9,0
507,517,91.8,BH9,0
507,517,91.7,BH9,0
507,517,91.6,BH9,0
507,517,91.5,BH9,0
507,517,91.4,BH9,0
507,517,91.3,BH9,0
507,517,91.2,BH9,0
507,517,91.1,BH9,0
507,517,91,BH9,0
507,517,90.9,BH9,0
507,517,90.8,BH9,0
507,517,90.7,BH9,0
507,517,90.6,BH9,0
507,517,90.5,BH9,0
507,517,90.4,BH9,0
507,517,90.3,BH9,0
507,517,90.2,BH9,0
507,517,90.1,BH9,0
507,517,90,BH9,0
507,517,89.9,BH9,0
507,517,89.8,BH9,0
507,517,89.7,BH9,0
507,517,89.6,BH9,0
507,517,89.5,BH9,0
507,517,89.4,BH9,0
507,517,89.3,BH9,0
507,517,89.2,BH9,0
507,517,89.1,BH9,0
507,517,89,BH9,0
507,517,88.9,BH9,0
507,517,88.8,BH9,0
507,517,88.7,BH9,0
507,517,88.6,BH9,0
507,517,88.5,BH9,0
507,517,88.4,BH9,0
507,517,88.3,BH9,0
507,517,88.2,BH9,0
507,517,88.1,BH9,0
507,517,88,BH9,0
507,517,87.9,BH9,0
507,517,87.8,BH9,0
507,517,87.7,BH9,0
507,517,87.6,BH9,0
507,517,87.5,BH9,0
507,517,87.4,BH9,0
507,517,87.3,BH9,0
507,517,87.2,BH9,0
507,517,87.1,BH9,0
507,517,87,BH9,0
507,517,86.9,BH9,0
507,517,86.8,BH9,0
507,517,86.7,BH9,0
507,517,86.6,BH9,0
507,517,86.5,BH9,0
507,517,86.4,BH9,0
507,517,86.3,BH9,0
507,517,86.2,BH9,0
507,517,86.1,BH9,0
507,517,86,BH9,0
507,517,85.9,BH9,0
507,517,85.8,BH9,0
507,517,85.7,BH9,0
507,517,85.6,BH9,0
507,517,85.5,BH9,0
507,517,85.4,BH9,0
507,517,85.3,BH9,0
507,517,85.2,BH9,0
507,517,85.1,BH9,0
507,517,85,BH9,0
507,517,84.9,BH9,0
507,517,84.8,BH9,0
507,517,84.7,BH9,0
507,517,84.6,BH9,0
507,517,84.5,BH9,0
507,517,84.4,BH9,0
507,517,84.3,BH9,0
507,517,84.2,BH9,0
507,517,84.1,BH9,0
507,517,84,BH9,0
507,517,83.9,BH9,0
507,517,83.8,BH9,0
507,517,83.7,BH9,0
507,517,83.6,BH9,0
507,517,83.5,BH9,0
507,517,83.4,BH9,0
507,517,83.3,BH9,0
507,517,83.2,BH9,0
507,517,83.1,BH9,0
507,517,83,BH9,0
507,517,82.9,BH9,0
507,517,82.8,BH9,0
507,517,82.7,BH9,0
507,517,82.6,BH9,0
507,517,82.5,BH9,0
507,517,82.4,BH9,0
507,517,82.3,BH9,0
507,517,82.2,BH9,0
507,517,82.1,BH9,0
507,517,82,BH9,0
507,517,81.9,BH9,0
507,517,81.8,BH9,0
507,517,81.7,BH9,0
507,517,81.6,BH9,0
507,517,81.5,BH9,0
507,517,81.4,BH9,0
507,517,81.3,BH9,0
507,517,81.2,BH9,0
507,517,81.1,BH9,0
507,517,81,BH9,0
507,517,80.9,BH9,0
507,517,80.8,BH9,0
507,517,80.7,BH9,0
507,517,80.6,BH9,0
507,517,80.5,BH9,0
507,517,80.4,BH9,0
507,517,80.3,BH9,0
507,517,80.2,BH9,0
507,517,80.1,BH9,0
507,517,80,BH9,0
507,517,79.9,BH9,0
507,517,79.8,BH9,0
507,517,79.7,BH9,0
507,517,79.6,BH9,0
507,517,79.5,BH9,0
507,517,79.4,BH9,0
507,517,79.3,BH9,0
507,517,79.2,BH9,0
507,517,79.1,BH9,0
507,517,79,BH9,0
507,517,78.9,BH9,0
507,517,78.8,BH9,0
507,517,78.7,BH9,0
507,517,78.6,BH9,0
507,517,78.5,BH9,0
507,517,78.4,BH9,0
507,517,78.3,BH9,0
507,517,78.2,BH9,0
507,517,78.1,BH9,0
507,517,78,BH9,0
507,517,77.9,BH9,0
507,517,77.8,BH9,0
507,517,77.7,BH9,0
517,509,99.4,BH10,0
517,509,99.3,BH10,0
517,509,99.2,BH10,0
517,509,99.1,BH10,0
517,509,99,BH10,0
517,509,98.9,BH10,0
517,509,98.8,BH10,0
517,509,98.7,BH10,0
517,509,98.6,BH10,0
517,509,98.5,BH10,0
517,509,98.4,BH10,0
517,509,98.3,BH10,0
517,509,98.2,BH10,0
517,509,98.1,BH10,0
517,509,98,BH10,0
517,509,97.9,BH10,0
517,509,97.8,BH10,0
517,509,97.7,BH10,0
517,509,97.6,BH10,0
517,509,97.5,BH10,0
517,509,97.4,BH10,0
517,509,97.3,BH10,0
517,509,97.2,BH10,0
517,509,97.1,BH10,0
517,509,97,BH10,0
517,509,96.9,BH10,0
517,509,96.8,BH10,0
517,509,96.7,BH10,0
517,509,96.6,BH10,0
517,509,96.5,BH10,0
517,509,96.4,BH10,0
517,509,96.3,BH10,0
517,509,96.2,BH10,0
517,509,96.1,BH10,0
517,509,96,BH10,0
517,509,95.9,BH10,0
517,509,95.8,BH10,0
517,509,95.7,BH10,0
517,509,95.6,BH10,0
517,509,95.5,BH10,0
517,509,95.4,BH10,0
517,509,95.3,BH10,0
517,509,95.2,BH10,0
517,509,95.1,BH10,0
517,509,95,BH10,0
517,509,94.9,BH10,0
517,509,94.8,BH10,0
517,509,94.7,BH10,0
517,509,94.6,BH10,0
517,509,94.5,BH10,0
517,509,94.4,BH10,0
517,509,94.3,BH10,0
517,509,94.2,BH10,0
517,509,94.1,BH10,0
517,509,94,BH10,0
517,509,93.9,BH10,0
517,509,93.8,BH10,0
517,509,93.7,BH10,0
517,509,93.6,BH10,0
517,509,93.5,BH10,0
517,509,93.4,BH10,0
517,509,93.3,BH10,0
517,509,93.2,BH10,0
517,509,93.1,BH10,0
517,509,93,BH10,0
517,509,92.9,BH10,0
517,509,92.8,BH10,0
517,509,92.7,BH10,0
517,509,92.6,BH10,0
517,509,92.5,BH10,0
517,509,92.4,BH10,0
517,509,92.3,BH10,0
517,509,92.2,BH10,0
517,509,92.1,BH10,0
517,509,92,BH10,0
517,509,91.9,BH10,0
517,509,91.8,BH10,0
517,509,91.7,BH10,0
517,509,91.6,BH10,0
517,509,91.5,BH10,0
517,509,91.4,BH10,0
517,509,91.3,BH10,0
517,509,91.2,BH10,0
517,509,91.1,BH10,0
517,509,91,BH10,0
517,509,90.9,BH10,0
517,509,90.8,BH10,0
517,509,90.7,BH10,0
517,509,90.6,BH10,0
517,509,90.5,BH10,0
517,509,90.4,BH10,0
517,509,90.3,BH10,0
517,509,90.2,BH10,0
517,509,90.1,BH10,0
517,509,90,BH10,0
517,509,89.9,BH10,0
517,509,89.8,BH10,0
517,509,89.7,BH10,0
517,509,89.6,BH10,0
517,509,89.5,BH10,0
517,509,89.4,BH10,0
517,509,89.3,BH10,0
517,509,89.2,BH10,0
517,509,89.1,BH10,0
517,509,89,BH10,0
517,509,88.9,BH10,0
517,509,88.8,BH10,0
517,509,88.7,BH10,0
517,509,88.6,BH10,0
517,509,88.5,BH10,0
517,509,88.4,BH10,0
517,509,88.3,BH10,0
517,509,88.2,BH10,0
517,509,88.1,BH10,0
517,509,88,BH10,0
517,509,87.9,BH10,0
517,509,87.8,BH10,0
517,509,87.7,BH10,0
517,509,87.6,BH10,0
517,509,87.5,BH10,0
517,509,87.4,BH10,0
517,509,87.3,BH10,0
517,509,87.2,BH10,0
517,509,87.1,BH10,0
517,509,87,BH10,0
517,509,86.9,BH10,0
517,509,86.8,BH10,0
517,509,86.7,BH10,0
517,509,86.6,BH10,0
517,509,86.5,BH10,0
517,509,86.4,BH10,0
517,509,86.3,BH10,0
517,509,86.2,BH10,0
517,509,86.1,BH10,0
517,509,86,BH10,0
517,509,85.9,BH10,0
517,509,85.8,BH10,0
517,509,85.7,BH10,0
517,509,85.6,BH10,0
517,509,85.5,BH10,0
517,509,85.4,BH10,0
517,509,85.3,BH10,0
517,509,85.2,BH10,0
517,509,85.1,BH10,0
517,509,85,BH10,0
517,509,84.9,BH10,0
517,509,84.8,BH10,0
517,509,84.7,BH10,0
517,509,84.6,BH10,0
517,509,84.5,BH10,0
517,509,84.4,BH10,0
517,509,84.3,BH10,0
517,509,84.2,BH10,0
517,509,84.1,BH10,0
517,509,84,BH10,0
517,509,83.9,BH10,0
517,509,83.8,BH10,0
517,509,83.7,BH10,0
517,509,83.6,BH10,0
517,509,83.5,BH10,0
517,509,83.4,BH10,0
517,509,83.3,BH10,0
517,509,83.2,BH10,0
517,509,83.1,BH10,0
517,509,83,BH10,0
517,509,82.9,BH10,0
517,509,82.8,BH10,0
517,509,82.7,BH10,0
517,509,82.6,BH10,0
517,509,82.5,BH10,0
517,509,82.4,BH10,0
517,509,82.3,BH10,0
517,509,82.2,BH10,0
517,509,82.1,BH10,0
517,509,82,BH10,0
517,509,81.9,BH10,0
517,509,81.8,BH10,0
517,509,81.7,BH10,0
517,509,81.6,BH10,0
517,509,81.5,BH10,0
517,509,81.4,BH10,0
517,509,81.3,BH10,0
517,509,81.2,BH10,0
517,509,81.1,BH10,0
517,509,81,BH10,0
517,509,80.9,BH10,0
517,509,80.8,BH10,0
517,509,80.7,BH10,0
517,509,80.6,BH10,0
517,509,80.5,BH10,0
517,509,80.4,BH10,0
517,509,80.3,BH10,0
517,509,80.2,BH10,0
501,511,99.5,BH11,0
501,511,99.4,BH11,0
501,511,99.3,BH11,0
501,511,99.2,BH11,0
501,511,99.1,BH11,0
501,511,99,BH11,0
501,511,98.9,BH11,0
501,511,98.8,BH11,0
501,511,98.7,BH11,0
501,511,98.6,BH11,0
501,511,98.5,BH11,0
501,511,98.4,BH11,0
501,511,98.3,BH11,0
501,511,98.2,BH11,0
501,511,98.1,BH11,0
501,511,98,BH11,0
501,511,97.9,BH11,0
501,511,97.8,BH11,0
501,511,97.7,BH11,0
501,511,97.6,BH11,0
501,511,97.5,BH11,0
501,511,97.4,BH11,0
501,511,97.3,BH11,0
501,511,97.2,BH11,0
501,511,97.1,BH11,0
501,511,97,BH11,0
501,511,96.9,BH11,0
501,511,96.8,BH11,0
501,511,96.7,BH11,0
501,511,96.6,BH11,0
501,511,96.5,BH11,0
501,511,96.4,BH11,0
501,511,96.3,BH11,0
501,511,96.2,BH11,0
501,511,96.1,BH11,0
501,511,96,BH11,0
501,511,95.9,BH11,0
501,511,95.8,BH11,0
501,511,95.7,BH11,0
501,511,95.6,BH11,0
501,511,95.5,BH11,0
501,511,95.4,BH11,0
501,511,95.3,BH11,0
501,511,95.2,BH11,0
501,511,95.1,BH11,0
501,511,95,BH11,0
501,511,94.9,BH11,0
501,511,94.8,BH11,0
501,511,94.7,BH11,0
501,511,94.6,BH11,0
501,511,94.5,BH11,0
501,511,94.4,BH11,0
501,511,94.3,BH11,0
501,511,94.2,BH11,0
501,511,94.1,BH11,0
501,511,94,BH11,0
501,511,93.9,BH11,0
501,511,93.8,BH11,0
501,511,93.7,BH11,0
501,511,93.6,BH11,0
501,511,93.5,BH11,0
501,511,93.4,BH11,0
501,511,93.3,BH11,0
501,511,93.2,BH11,0
501,511,93.1,BH11,0
501,511,93,BH11,0
501,511,92.9,BH11,0
501,511,92.8,BH11,0
501,511,92.7,BH11,0
501,511,92.6,BH11,0
501,511,92.5,BH11,0
501,511,92.4,BH11,0
501,511,92.3,BH11,0
501,511,92.2,BH11,0
501,511,92.1,BH11,0
501,511,92,BH11,0
501,511,91.9,BH11,0
501,511,91.8,BH11,0
501,511,91.7,BH11,0
501,511,91.6,BH11,0
501,511,91.5,BH11,0
501,511,91.4,BH11,0
501,511,91.3,BH11,0
501,511,91.2,BH11,0
501,511,91.1,BH11,0
501,511,91,BH11,0
501,511,90.9,BH11,0
501,511,90.8,BH11,0
501,511,90.7,BH11,0
501,511,90.6,BH11,0
501,511,90.5,BH11,0
501,511,90.4,BH11,0
501,511,90.3,BH11,0
501,511,90.2,BH11,0
501,511,90.1,BH11,0
501,511,90,BH11,0
501,511,89.9,BH11,0
501,511,89.8,BH11,0
501,511,89.7,BH11,0
501,511,89.6,BH11,0
501,511,89.5,BH11,0
501,511,89.4,BH11,0
501,511,89.3,BH11,0
501,511,89.2,BH11,0
501,511,89.1,BH11,0
501,511,89,BH11,0
501,511,88.9,BH11,0
501,511,88.8,BH11,0
501,511,88.7,BH11,0
501,511,88.6,BH11,0
501,511,88.5,BH11,0
501,511,88.4,BH11,0
501,511,88.3,BH11,0
501,511,88.2,BH11,0
501,511,88.1,BH11,0
501,511,88,BH11,0
501,511,87.9,BH11,0
501,511,87.8,BH11,0
501,511,87.7,BH11,0
501,511,87.6,BH11,0
501,511,87.5,BH11,0
501,511,87.4,BH11,0
501,511,87.3,BH11,0
501,511,87.2,BH11,0
501,511,87.1,BH11,0
501,511,87,BH11,0
501,511,86.9,BH11,0
501,511,86.8,BH11,0
501,511,86.7,BH11,0
501,511,86.6,BH11,0
501,511,86.5,BH11,0
501,511,86.4,BH11,0
501,511,86.3,BH11,0
501,511,86.2,BH11,0
501,511,86.1,BH11,0
501,511,86,BH11,0
501,511,85.9,BH11,0
501,511,85.8,BH11,0
501,511,85.7,BH11,0
501,511,85.6,BH11,0
501,511,85.5,BH11,0
501,511,85.4,BH11,0
501,511,85.3,BH11,0
501,511,85.2,BH11,0
501,511,85.1,BH11,0
501,511,85,BH11,0
501,511,84.9,BH11,0
501,511,84.8,BH11,0
501,511,84.7,BH11,0
501,511,84.6,BH11,0
501,511,84.5,BH11,0
501,511,84.4,BH11,0
501,511,84.3,BH11,0
501,511,84.2,BH11,0
501,511,84.1,BH11,0
501,511,84,BH11,0
501,511,83.9,BH11,0
501,511,83.8,BH11,0
501,511,83.7,BH11,0
501,511,83.6,BH11,0
501,511,83.5,BH11,0
501,511,83.4,BH11,0
501,511,83.3,BH11,0
501,511,83.2,BH11,0
501,511,83.1,BH11,0
501,511,83,BH11,0
501,511,82.9,BH11,0
501,511,82.8,BH11,0
501,511,82.7,BH11,0
501,511,82.6,BH11,0
501,511,82.5,BH11,0
501,511,82.4,BH11,0
501,511,82.3,BH11,0
501,511,82.2,BH11,0
501,511,82.1,BH11,0
501,511,82,BH11,0
501,511,81.9,BH11,0
501,511,81.8,BH11,0
501,511,81.7,BH11,0
501,511,81.6,BH11,0
501,511,81.5,BH11,0
501,511,81.4,BH11,0
501,511,81.3,BH11,0
501,511,81.2,BH11,0
501,511,81.1,BH11,0
501,511,81,BH11,0
501,511,80.9,BH11,0
501,511,80.8,BH11,0
501,511,80.7,BH11,0
501,511,80.6,BH11,0
501,511,80.5,BH11,0
501,511,80.4,BH11,0
501,511,80.3,BH11,0
513,521,99.5,BH12,0
513,521,99.4,BH12,0
513,521,99.3,BH12,0
513,521,99.2,BH12,0
513,521,99.1,BH12,0
513,521,99,BH12,0
513,521,98.9,BH12,0
513,521,98.8,BH12,0
513,521,98.7,BH12,0
513,521,98.6,BH12,0
513,521,98.5,BH12,0
513,521,98.4,BH12,0
513,521,98.3,BH12,0
513,521,98.2,BH12,0
513,521,98.1,BH12,0
513,521,98,BH12,0
513,521,97.9,BH12,0
513,521,97.8,BH12,0
513,521,97.7,BH12,0
513,521,97.6,BH12,0
513,521,97.5,BH12,0
513,521,97.4,BH12,0
513,521,97.3,BH12,0
513,521,97.2,BH12,0
513,521,97.1,BH12,0
513,521,97,BH12,0
513,521,96.9,BH12,0
513,521,96.8,BH12,0
513,521,96.7,BH12,0
513,521,96.6,BH12,0
513,521,96.5,BH12,0
513,521,96.4,BH12,0
513,521,96.3,BH12,0
513,521,96.2,BH12,0
513,521,96.1,BH12,0
513,521,96,BH12,0
513,521,95.9,BH12,0
513,521,95.8,BH12,0
513,521,95.7,BH12,0
513,521,95.6,BH12,0
513,521,95.5,BH12,0
513,521,95.4,BH12,0
513,521,95.3,BH12,0
513,521,95.2,BH12,0
513,521,95.1,BH12,0
513,521,95,BH12,0
513,521,94.9,BH12,0
513,521,94.8,BH12,0
513,521,94.7,BH12,0
513,521,94.6,BH12,0
513,521,94.5,BH12,0
513,521,94.4,BH12,0
513,521,94.3,BH12,0
513,521,94.2,BH12,0
513,521,94.1,BH12,0
513,521,94,BH12,0
513,521,93.9,BH12,0
513,521,93.8,BH12,0
513,521,93.7,BH12,0
513,521,93.6,BH12,0
513,521,93.5,BH12,0
513,521,93.4,BH12,0
513,521,93.3,BH12,0
513,521,93.2,BH12,0
513,521,93.1,BH12,0
513,521,93,BH12,0
513,521,92.9,BH12,0
513,521,92.8,BH12,0
513,521,92.7,BH12,0
513,521,92.6,BH12,0
513,521,92.5,BH12,0
513,521,92.4,BH12,0
513,521,92.3,BH12,0
513,521,92.2,BH12,0
513,521,92.1,BH12,0
513,521,92,BH12,0
513,521,91.9,BH12,0
513,521,91.8,BH12,0
513,521,91.7,BH12,0
513,521,91.6,BH12,0
513,521,91.5,BH12,0
513,521,91.4,BH12,0
513,521,91.3,BH12,0
513,521,91.2,BH12,0
513,521,91.1,BH12,0
513,521,91,BH12,0
513,521,90.9,BH12,0
513,521,90.8,BH12,0
513,521,90.7,BH12,0
513,521,90.6,BH12,0
513,521,90.5,BH12,0
513,521,90.4,BH12,0
513,521,90.3,BH12,0
513,521,90.2,BH12,0
513,521,90.1,BH12,0
513,521,90,BH12,0
513,521,89.9,BH12,0
513,521,89.8,BH12,0
513,521,89.7,BH12,0
513,521,89.6,BH12,0
513,521,89.5,BH12,0
513,521,89.4,BH12,0
513,521,89.3,BH12,0
513,521,89.2,BH12,0
513,521,89.1,BH12,0
513,521,89,BH12,0
513,521,88.9,BH12,0
513,521,88.8,BH12,0
513,521,88.7,BH12,0
513,521,88.6,BH12,0
513,521,88.5,BH12,0
513,521,88.4,BH12,0
513,521,88.3,BH12,0
513,521,88.2,BH12,0
513,521,88.1,BH12,0
513,521,88,BH12,0
513,521,87.9,BH12,0
513,521,87.8,BH12,0
513,521,87.7,BH12,0
513,521,87.6,BH12,0
513,521,87.5,BH12,0
513,521,87.4,BH12,0
513,521,87.3,BH12,0
513,521,87.2,BH12,0
513,521,87.1,BH12,0
513,521,87,BH12,0
513,521,86.9,BH12,0
513,521,86.8,BH12,0
513,521,86.7,BH12,0
513,521,86.6,BH12,0
513,521,86.5,BH12,0
513,521,86.4,BH12,0
513,521,86.3,BH12,0
513,521,86.2,BH12,0
513,521,86.1,BH12,0
513,521,86,BH12,0
513,521,85.9,BH12,0
513,521,85.8,BH12,0
513,521,85.7,BH12,0
513,521,85.6,BH12,0
513,521,85.5,BH12,0
513,521,85.4,BH12,0
513,521,85.3,BH12,0
513,521,85.2,BH12,0
513,521,85.1,BH12,0
513,521,85,BH12,0
513,521,84.9,BH12,0
513,521,84.8,BH12,0
513,521,84.7,BH12,0
513,521,84.6,BH12,0
513,521,84.5,BH12,0
513,521,84.4,BH12,0
513,521,84.3,BH12,0
513,521,84.2,BH12,0
513,521,84.1,BH12,0
513,521,84,BH12,0
513,521,83.9,BH12,0
513,521,83.8,BH12,0
513,521,83.7,BH12,0
513,521,83.6,BH12,0
513,521,83.5,BH12,0
513,521,83.4,BH12,0
513,521,83.3,BH12,0
513,521,83.2,BH12,0
513,521,83.1,BH12,0
513,521,83,BH12,0
513,521,82.9,BH12,0
513,521,82.8,BH12,0
513,521,82.7,BH12,0
513,521,82.6,BH12,0
513,521,82.5,BH12,0
513,521,82.4,BH12,0
513,521,82.3,BH12,0
513,521,82.2,BH12,0
513,521,82.1,BH12,0
513,521,82,BH12,0
513,521,81.9,BH12,0
513,521,81.8,BH12,0
513,521,81.7,BH12,0
513,521,81.6,BH12,0
513,521,81.5,BH12,0
513,521,81.4,BH12,0
513,521,81.3,BH12,0
513,521,81.2,BH12,0
513,521,81.1,BH12,0
513,521,81,BH12,0
513,521,80.9,BH12,0
513,521,80.8,BH12,0
513,521,80.7,BH12,0
513,521,80.6,BH12,0
510,500,98.3,BH13,0
510,500,98.2,BH13,0
510,500,98.1,BH13,0
510,500,98,BH13,0
510,500,97.9,BH13,0
510,500,97.8,BH13,0
510,500,97.7,BH13,0
510,500,97.6,BH13,0
510,500,97.5,BH13,0
510,500,97.4,BH13,0
510,500,97.3,BH13,0
510,500,97.2,BH13,0
510,500,97.1,BH13,0
510,500,97,BH13,0
510,500,96.9,BH13,0
510,500,96.8,BH13,0
510,500,96.7,BH13,0
510,500,96.6,BH13,0
510,500,96.5,BH13,0
510,500,96.4,BH13,0
510,500,96.3,BH13,0
510,500,96.2,BH13,0
510,500,96.1,BH13,0
510,500,96,BH13,0
510,500,95.9,BH13,0
510,500,95.8,BH13,0
510,500,95.7,BH13,0
510,500,95.6,BH13,0
510,500,95.5,BH13,0
510,500,95.4,BH13,0
510,500,95.3,BH13,0
510,500,95.2,BH13,0
510,500,95.1,BH13,0
510,500,95,BH13,0
510,500,94.9,BH13,0
510,500,94.8,BH13,0
510,500,94.7,BH13,0
510,500,94.6,BH13,0
510,500,94.5,BH13,0
510,500,94.4,BH13,0
510,500,94.3,BH13,0
510,500,94.2,BH13,0
510,500,94.1,BH13,0
510,500,94,BH13,0
510,500,93.9,BH13,0
510,500,93.8,BH13,0
510,500,93.7,BH13,0
510,500,93.6,BH13,0
510,500,93.5,BH13,0
510,500,93.4,BH13,0
510,500,93.3,BH13,0
510,500,93.2,BH13,0
510,500,93.1,BH13,0
510,500,93,BH13,0
510,500,92.9,BH13,0
510,500,92.8,BH13,0
510,500,92.7,BH13,0
510,500,92.6,BH13,0
510,500,92.5,BH13,0
510,500,92.4,BH13,0
510,500,92.3,BH13,0
510,500,92.2,BH13,0
510,500,92.1,BH13,0
510,500,92,BH13,0
510,500,91.9,BH13,0
510,500,91.8,BH13,0
510,500,91.7,BH13,0
510,500,91.6,BH13,0
510,500,91.5,BH13,0
510,500,91.4,BH13,0
510,500,91.3,BH13,0
510,500,91.2,BH13,0
510,500,91.1,BH13,0
510,500,91,BH13,0
510,500,90.9,BH13,0
510,500,90.8,BH13,0
510,500,90.7,BH13,0
510,500,90.6,BH13,0
510,500,90.5,BH13,0
510,500,90.4,BH13,0
510,500,90.3,BH13,0
510,500,90.2,BH13,0
510,500,90.1,BH13,0
510,500,90,BH13,0
510,500,89.9,BH13,0
510,500,89.8,BH13,0
510,500,89.7,BH13,0
510,500,89.6,BH13,0
510,500,89.5,BH13,0
510,500,89.4,BH13,0
510,500,89.3,BH13,0
510,500,89.2,BH13,0
510,500,89.1,BH13,0
510,500,89,BH13,0
510,500,88.9,BH13,0
510,500,88.8,BH13,0
510,500,88.7,BH13,0
510,500,88.6,BH13,0
510,500,88.5,BH13,0
510,500,88.4,BH13,0
510,500,88.3,BH13,0
510,500,88.2,BH13,0
510,500,88.1,BH13,0
510,500,88,BH13,0
510,500,87.9,BH13,0
510,500,87.8,BH13,0
510,500,87.7,BH13,0
510,500,87.6,BH13,0
510,500,87.5,BH13,0
510,500,87.4,BH13,0
510,500,87.3,BH13,0
510,500,87.2,BH13,0
510,500,87.1,BH13,0
510,500,87,BH13,0
510,500,86.9,BH13,0
510,500,86.8,BH13,0
510,500,86.7,BH13,0
510,500,86.6,BH13,0
510,500,86.5,BH13,0
510,500,86.4,BH13,0
510,500,86.3,BH13,0
510,500,86.2,BH13,0
510,500,86.1,BH13,0
510,500,86,BH13,0
510,500,85.9,BH13,0
510,500,85.8,BH13,0
